name,handedness,height,weight,avg,HR,cat
Tom Brown,R,73,170,0.0,0,['poor']
Denny Lemaster,R,73,182,0.13,4,['poor']
Joe Nolan,L,71,175,0.263,27,['excellent']
Denny Doyle,L,69,175,0.25,16,['excellent']
Jose Cardenal,R,70,150,0.275,138,['excellent']
Mike Ryan,R,74,205,0.193,28,['average']
Fritz Peterson,B,72,185,0.159,2,['poor']
Dick Bertell,R,72,200,0.25,10,['good']
Rod Kanehl,R,73,180,0.24100000000000002,6,['good']
Ozzie Osborn,R,74,195,0.0,0,['poor']
John LaRose,L,73,185,0.0,0,['poor']
Jeff Byrd,R,75,195,0.0,0,['poor']
Juan Bonilla,R,69,170,0.256,7,['good']
Frank Tepedino,L,71,185,0.24100000000000002,6,['good']
Jerry Kutzler,L,73,175,0.0,0,['poor']
Rick Wise,R,73,180,0.195,15,['average']
Darrell Evans,L,74,200,0.248,414,['excellent']
Buck Martinez,R,70,190,0.225,58,['average']
John Wockenfuss,R,72,190,0.262,86,['excellent']
Tommy McCraw,L,72,183,0.24600000000000002,75,['excellent']
Jeff Barkley,B,75,185,0.0,0,['poor']
Eric Wilkins,R,73,190,0.0,0,['poor']
Britt Burns,L,77,215,0.0,0,['poor']
Lee Lacy,R,73,175,0.28600000000000003,91,['excellent']
Pete Rose,B,71,192,0.303,160,['excellent']
Danny Walton,R,72,195,0.223,28,['average']
Bobby Cox,R,71,180,0.225,9,['poor']
Brad Wellman,R,72,170,0.231,6,['poor']
Jeff Newman,R,74,215,0.22399999999999998,63,['average']
Pedro Gonzalez,R,72,176,0.244,8,['good']
Nardi Contreras,B,74,193,0.0,0,['poor']
Tommie Reynolds,R,74,190,0.226,12,['poor']
Gene Clines,R,69,170,0.27699999999999997,5,['good']
Jim Hickman,R,75,192,0.252,159,['excellent']
Jack Billingham,R,76,195,0.111,0,['poor']
Jerry Buchek,R,71,185,0.22,22,['average']
Ivan DeJesus,R,71,175,0.254,21,['excellent']
Gary Nolan,R,74,197,0.138,1,['poor']
Gil Patterson,R,73,185,0.0,0,['poor']
Fred Whitfield,L,73,190,0.253,108,['excellent']
Larry Dierker,R,76,215,0.136,4,['poor']
Dave Skaggs,R,74,200,0.24100000000000002,3,['good']
Dick Ruthven,R,75,190,0.183,1,['poor']
Jerry Garvin,L,75,195,0.0,0,['poor']
Steve Eddy,R,74,185,0.0,0,['poor']
Dave Kingman,R,78,210,0.23600000000000002,442,['average']
Eric Soderholm,R,71,187,0.264,102,['excellent']
Kevin Mmahat,L,77,220,0.0,0,['poor']
Ed Brinkman,R,72,170,0.22399999999999998,60,['average']
Wayne Garrett,L,71,175,0.239,61,['excellent']
Tony Muser,L,74,180,0.259,7,['good']
Jim Siwy,R,76,200,0.0,0,['poor']
Bud Anderson,R,75,210,0.0,0,['poor']
Ted Ford,R,70,180,0.21899999999999997,17,['average']
Kevin Stanfield,L,72,190,0.0,0,['poor']
Jim Lyttle,L,72,180,0.248,9,['good']
John Butcher,R,76,185,0.0,0,['poor']
Jerry Ujdur,R,73,195,0.0,0,['poor']
Scot Thompson,L,75,195,0.262,5,['good']
Gene Locklear,L,70,165,0.27399999999999997,9,['good']
Bo Diaz,R,71,185,0.255,87,['excellent']
Bump Wills,B,69,172,0.266,36,['excellent']
Brian Denman,R,76,205,0.0,0,['poor']
Pat Putnam,L,72,205,0.255,63,['excellent']
Kurt Bevacqua,R,72,180,0.23600000000000002,27,['average']
Bob Fallon,L,75,200,0.0,0,['poor']
Syd O'Brien,R,73,185,0.23,24,['average']
Chris Chambliss,L,73,195,0.27899999999999997,185,['excellent']
Tom Satriano,L,73,185,0.225,21,['average']
Jeffrey Leonard,R,74,200,0.266,144,['excellent']
Dal Maxvill,R,71,157,0.217,6,['poor']
Steve Curry,R,78,217,0.0,0,['poor']
Cesar Tovar,R,69,155,0.278,46,['excellent']
Mickey Lolich,B,73,170,0.11,0,['poor']
Ray Chadwick,B,74,180,0.0,0,['poor']
Jack Heidemann,R,72,175,0.21100000000000002,9,['poor']
Rich Rollins,R,70,185,0.26899999999999996,77,['excellent']
Walt Bond,L,79,228,0.256,41,['excellent']
Merv Rettenmund,R,70,190,0.271,66,['excellent']
Bryan Clutterbuck,R,76,223,0.0,0,['poor']
Byron Browne,R,74,190,0.23600000000000002,30,['average']
Hector Torres,R,72,175,0.21600000000000003,18,['average']
Walt Williams,R,66,165,0.27,33,['excellent']
Jerry Koosman,R,74,205,0.11900000000000001,2,['poor']
Steve Lombardozzi,R,72,175,0.233,20,['average']
Joe Azcue,R,72,190,0.252,50,['excellent']
Elliott Maddox,R,71,180,0.261,18,['excellent']
Omar Moreno,L,74,180,0.252,37,['excellent']
Julian Javier,R,73,175,0.257,78,['excellent']
Tony Ferreira,L,73,160,0.0,0,['poor']
Elio Chacon,R,69,160,0.23199999999999998,4,['poor']
Rusty Torres,B,70,175,0.212,35,['average']
John Stearns,R,72,185,0.26,46,['excellent']
Larry Brown,R,70,160,0.233,47,['average']
Tommy Dean,R,72,165,0.18,4,['poor']
Bryan Oelkers,L,75,192,0.0,0,['poor']
Kevin Bearse,L,74,195,0.0,0,['poor']
Marty Martinez,B,72,170,0.243,0,['good']
Bruce Boisclair,L,74,185,0.263,10,['good']
Ken Singleton,B,76,210,0.282,246,['excellent']
Frank White,R,71,165,0.255,160,['excellent']
Jim Fairey,L,70,190,0.235,7,['poor']
Jose Roman,R,72,175,0.0,0,['poor']
Tom Brookens,R,70,165,0.24600000000000002,71,['excellent']
Gary Thomasson,L,73,180,0.249,61,['excellent']
Mike Trujillo,R,73,180,0.0,0,['poor']
Albert Williams,R,76,190,0.0,0,['poor']
Oswaldo Peraza,R,76,172,0.0,0,['poor']
Otto Velez,R,72,170,0.251,78,['excellent']
Tony Scott,B,72,164,0.249,17,['excellent']
Ray Oyler,R,71,165,0.175,15,['average']
Barry Cort,R,77,210,0.0,0,['poor']
Floyd Robinson,L,69,175,0.28300000000000003,67,['excellent']
Steve Jeltz,B,71,180,0.21,5,['poor']
Lou Brock,L,71,170,0.293,149,['excellent']
Bill Wilkinson,R,70,160,0.0,0,['poor']
Joe Lovitto,B,72,185,0.21600000000000003,4,['poor']
Mike Loynd,R,76,210,0.0,0,['poor']
Wayne Comer,R,70,175,0.22899999999999998,16,['average']
Dave Collins,B,71,175,0.272,32,['excellent']
Ed Spiezio,R,71,180,0.23800000000000002,39,['excellent']
Rico Petrocelli,R,72,175,0.251,210,['excellent']
Johnny Lewis,L,73,189,0.22699999999999998,22,['average']
Dick Simpson,R,76,176,0.207,15,['average']
Ken Boswell,L,72,170,0.248,31,['excellent']
Ken McMullen,R,75,190,0.248,156,['excellent']
Randy Scarbery,B,73,185,0.0,0,['poor']
Steve Swisher,R,74,205,0.21600000000000003,20,['average']
Ben Callahan,R,79,230,0.0,0,['poor']
Dick Howser,R,68,155,0.248,16,['excellent']
Manny Castillo,B,69,160,0.242,3,['good']
Mike Ramsey,B,73,170,0.24,2,['good']
Willie Crawford,L,73,197,0.268,86,['excellent']
Bobby Cuellar,R,71,188,0.0,0,['poor']
Willie Norwood,R,72,185,0.242,18,['excellent']
Mike Jones,L,78,215,0.0,0,['poor']
Jeff Stone,L,72,175,0.27699999999999997,11,['good']
Ramon Manon,R,72,150,0.0,0,['poor']
Joe Lahoud,L,73,198,0.223,65,['average']
Tim Flannery,L,71,175,0.255,9,['good']
Dave McKay,B,73,195,0.22899999999999998,21,['average']
John Trautwein,R,75,205,0.0,0,['poor']
Andy Replogle,R,77,205,0.0,0,['poor']
Zach Crouch,L,75,180,0.0,0,['poor']
Benny Ayala,R,73,185,0.251,38,['excellent']
Ron Romanick,R,76,195,0.0,0,['poor']
Greg Gross,L,70,160,0.287,7,['good']
Bruce Tanner,L,75,220,0.0,0,['poor']
Sal Butera,R,72,190,0.22699999999999998,8,['poor']
Jack Brohamer,L,70,165,0.245,30,['excellent']
Von Joshua,L,70,170,0.273,30,['excellent']
Eddie Milner,L,71,173,0.253,42,['excellent']
Johnny Jeter,R,73,180,0.244,18,['excellent']
Angel Salazar,R,72,180,0.212,2,['poor']
Tony Oliva,L,73,175,0.304,220,['excellent']
Cito Gaston,R,75,190,0.256,91,['excellent']
Cookie Rojas,R,70,160,0.263,54,['excellent']
Rich Morales,R,71,170,0.195,6,['poor']
Dave Ford,R,76,190,0.0,0,['poor']
Dan Ford,R,73,185,0.27,121,['excellent']
Barry Raziano,B,70,175,0.0,0,['poor']
Darryl Motley,R,69,196,0.243,44,['excellent']
Ozzie Virgil,R,73,180,0.243,98,['excellent']
Johnny Oates,L,71,188,0.25,14,['good']
Pat Underwood,L,72,175,0.0,0,['poor']
Mike Phillips,L,72,170,0.24,11,['good']
Ron Santo,R,72,190,0.27699999999999997,342,['excellent']
Jay Johnstone,L,73,175,0.267,102,['excellent']
Jim Ray Hart,R,71,185,0.278,170,['excellent']
Marc Hill,R,75,205,0.223,34,['average']
Joel McKeon,L,72,185,0.0,0,['poor']
Danny Fife,R,75,175,0.0,0,['poor']
Chico Salmon,R,70,160,0.249,31,['excellent']
Joe Niekro,R,73,185,0.156,1,['poor']
Andy Etchebarren,R,73,190,0.235,49,['average']
Ken Berry,R,72,175,0.255,58,['excellent']
Dave Concepcion,R,74,155,0.267,101,['excellent']
Junior Moore,R,71,185,0.264,7,['good']
Mike Richardt,R,72,170,0.226,4,['poor']
Chris Brown,R,72,185,0.26899999999999996,38,['excellent']
Al Bumbry,L,68,170,0.281,54,['excellent']
Al Downing,R,71,175,0.127,2,['poor']
Bob Didier,B,72,190,0.22899999999999998,0,['poor']
Jake Gibbs,L,72,180,0.233,25,['average']
Garry Hancock,L,72,175,0.247,12,['good']
Ed Kranepool,L,75,205,0.261,118,['excellent']
Rick Rhoden,R,75,195,0.23800000000000002,9,['good']
Denny McLain,R,73,185,0.133,1,['poor']
Chuck Hiller,L,71,170,0.243,20,['excellent']
Jorge Orta,L,70,170,0.278,130,['excellent']
Dave Cash,R,71,170,0.28300000000000003,21,['excellent']
Bucky Dent,R,69,170,0.247,40,['excellent']
Andy Beene,R,75,205,0.0,0,['poor']
Bruce Robbins,L,73,190,0.0,0,['poor']
Tony Gonzalez,L,69,170,0.28600000000000003,103,['excellent']
Leon Hooten,R,71,180,0.0,0,['poor']
Larry Haney,R,74,195,0.215,12,['poor']
Billy Conigliaro,R,72,180,0.256,40,['excellent']
Gary Roenicke,R,75,205,0.247,121,['excellent']
Don Lock,R,74,195,0.23800000000000002,122,['excellent']
Billy Cowan,R,72,170,0.23600000000000002,40,['average']
Billy Smith,B,74,185,0.23,17,['average']
Allan Ramirez,R,70,180,0.0,0,['poor']
Tony Perez,R,74,175,0.27899999999999997,379,['excellent']
Chuck Schilling,R,70,160,0.239,23,['excellent']
Hal McRae,R,71,180,0.29,191,['excellent']
Dave Roberts,R,75,215,0.239,49,['excellent']
Brian Allard,R,73,175,0.0,0,['poor']
Jim Lefebvre,B,72,180,0.251,74,['excellent']
Fernando Arroyo,R,74,180,0.0,0,['poor']
Gary Beare,R,76,205,0.0,0,['poor']
Charlie Spikes,R,75,215,0.24600000000000002,65,['excellent']
Brian Dubois,L,70,165,0.0,0,['poor']
Steve Whitaker,L,72,180,0.23,24,['average']
Manny Jimenez,L,73,185,0.272,26,['excellent']
Chris Batton,R,76,195,0.0,0,['poor']
Duffy Dyer,R,72,187,0.221,30,['average']
Ken Henderson,B,74,180,0.257,122,['excellent']
Vance Lovelace,L,77,205,0.0,0,['poor']
Greg Thayer,R,71,182,0.0,0,['poor']
Vern Fuller,R,73,170,0.23199999999999998,14,['poor']
Paul Hartzell,R,77,200,0.0,0,['poor']
Wayne Gross,L,74,210,0.233,121,['average']
Mike Champion,R,72,185,0.22899999999999998,2,['poor']
Ralph Botting,L,72,195,0.0,0,['poor']
Paul Casanova,R,76,180,0.225,50,['average']
Steve Rogers,R,74,175,0.138,0,['poor']
Keith Creel,R,74,180,0.0,0,['poor']
Terry Crowley,L,72,180,0.25,42,['excellent']
Horace Clarke,B,69,170,0.256,27,['excellent']
Lou Clinton,R,73,185,0.247,65,['excellent']
Larry Cox,R,70,178,0.221,12,['poor']
Nate Colbert,R,74,190,0.243,173,['excellent']
Phil Roof,R,74,190,0.215,43,['average']
Chuck Hinton,R,73,180,0.264,113,['excellent']
Tim Cullen,R,73,185,0.22,9,['poor']
Tim Harkness,L,74,182,0.235,14,['poor']
Rick Bosetti,R,71,185,0.25,17,['excellent']
Ron Pruitt,R,72,185,0.26899999999999996,12,['good']
George Foster,R,73,180,0.27399999999999997,348,['excellent']
Jerry White,B,70,164,0.253,21,['excellent']
Angel Mangual,R,70,178,0.245,22,['excellent']
Ken Gerhart,R,72,190,0.221,24,['average']
Mike Hershberger,R,70,175,0.252,26,['excellent']
Jim French,L,68,180,0.196,5,['poor']
Dave Roberts,L,75,195,0.19399999999999998,7,['poor']
Jim Mason,L,74,185,0.203,12,['poor']
Mike Smith,R,75,180,0.0,0,['poor']
Willie Smith,L,72,182,0.248,46,['excellent']
T.R. Bryden,R,76,190,0.0,0,['poor']
Jose Arcia,R,75,170,0.215,1,['poor']
Leon Durham,L,73,185,0.27699999999999997,147,['excellent']
Tom Makowski,R,71,185,0.0,0,['poor']
Paul Householder,B,72,180,0.23600000000000002,29,['average']
Aurelio Rodriguez,R,70,180,0.237,124,['average']
Jimmy Stewart,B,72,165,0.237,8,['poor']
Dick Phillips,L,72,180,0.22899999999999998,12,['poor']
Andres Thomas,R,73,170,0.23399999999999999,42,['average']
Ed Crosby,L,74,175,0.22,0,['poor']
Mike de la Hoz,R,71,175,0.251,25,['excellent']
Frank Taveras,R,72,155,0.255,2,['good']
Joe Nossek,R,72,178,0.228,3,['poor']
Larry Stahl,L,72,175,0.23199999999999998,36,['average']
Jose Cruz,L,72,170,0.284,165,['excellent']
Don Mason,L,71,160,0.205,3,['poor']
Bill Robinson,R,74,189,0.258,166,['excellent']
Jim Umbarger,L,78,200,0.0,0,['poor']
Sal Bando,R,72,195,0.254,242,['excellent']
George Mitterwald,R,74,195,0.23600000000000002,76,['average']
Mike Darr,R,76,190,0.0,0,['poor']
Craig Robinson,R,70,165,0.21899999999999997,0,['poor']
Bob Tillman,R,76,205,0.23199999999999998,79,['average']
Curt Wardle,L,77,220,0.0,0,['poor']
Pat Corrales,R,72,180,0.21600000000000003,4,['poor']
Mike Tyson,R,69,170,0.24100000000000002,27,['excellent']
Rafael Landestoy,B,70,165,0.237,4,['poor']
Duane Josephson,R,72,190,0.258,23,['excellent']
Duane Walker,L,72,185,0.22899999999999998,24,['average']
Glenn Hubbard,R,69,150,0.244,70,['excellent']
Roger Freed,R,72,190,0.245,22,['excellent']
George Hendrick,R,75,195,0.278,267,['excellent']
Rod Carew,L,72,170,0.32799999999999996,92,['excellent']
Bob Davis,R,72,180,0.19699999999999998,6,['poor']
Toby Harrah,R,72,175,0.264,195,['excellent']
Rick Manning,L,73,180,0.257,56,['excellent']
Israel Sanchez,L,69,170,0.0,0,['poor']
Steve Burke,B,74,200,0.0,0,['poor']
Gary Matthews,R,74,185,0.281,234,['excellent']
Cesar Geronimo,L,72,165,0.258,51,['excellent']
Billy Bryan,L,76,200,0.21600000000000003,41,['average']
Terry Taylor,R,73,180,0.0,0,['poor']
Terry Whitfield,L,73,197,0.281,33,['excellent']
Mario Mendoza,R,71,170,0.215,4,['poor']
Fred Lynn,L,73,185,0.28300000000000003,306,['excellent']
Larry Hisle,R,74,193,0.273,166,['excellent']
Graig Nettles,L,72,180,0.248,390,['excellent']
Randy Nosek,R,76,215,0.0,0,['poor']
Dave Engle,R,75,210,0.262,31,['excellent']
Narciso Elvira,L,70,160,0.0,0,['poor']
Mike Easler,L,72,190,0.293,118,['excellent']
Mark Smith,R,74,215,0.0,0,['poor']
Paul Mitchell,R,73,195,0.0,0,['poor']
Rick Sweet,B,73,200,0.23399999999999999,6,['poor']
Thurman Munson,R,71,190,0.292,113,['excellent']
Rick Monday,L,75,193,0.264,241,['excellent']
Mike Sadek,R,69,165,0.226,5,['poor']
Mark Belanger,R,73,170,0.228,20,['average']
Ron Hunt,R,72,186,0.273,39,['excellent']
Joe Keough,L,72,185,0.24600000000000002,9,['good']
Butch Edge,R,75,203,0.0,0,['poor']
Vic Correll,R,70,185,0.22899999999999998,29,['average']
Jackie Hernandez,R,71,165,0.20800000000000002,12,['poor']
Tony Solaita,L,72,210,0.255,50,['excellent']
U L Washington,B,71,175,0.251,27,['excellent']
Gary Mielke,R,75,185,0.0,0,['poor']
Rick Henninger,R,78,225,0.0,0,['poor']
Joe Foy,R,72,215,0.248,58,['excellent']
Ed Goodson,L,75,180,0.26,30,['excellent']
Mark Brown,B,74,190,0.0,0,['poor']
Mickey Klutts,R,71,170,0.24100000000000002,14,['good']
Leroy Stanton,R,73,195,0.244,77,['excellent']
Rafael Vasquez,R,72,160,0.0,0,['poor']
Len Whitehouse,L,71,175,0.0,0,['poor']
Danny Ainge,R,76,175,0.22,2,['poor']
Adolfo Phillips,R,73,175,0.247,59,['excellent']
Marv Breeding,R,72,175,0.25,7,['good']
Steve Adkins,R,78,210,0.0,0,['poor']
Dick McAuliffe,L,71,176,0.247,197,['excellent']
Joe Horlen,R,72,170,0.134,0,['poor']
Glenn Burke,R,72,195,0.237,2,['poor']
Tony Mack,R,70,177,0.0,0,['poor']
Terry Humphrey,R,75,185,0.21100000000000002,6,['poor']
Bill Moran,R,76,210,0.0,0,['poor']
Enzo Hernandez,R,68,155,0.22399999999999998,2,['poor']
Cesar Gutierrez,R,69,155,0.235,0,['poor']
Coco Laboy,R,70,165,0.233,28,['average']
Ted Kubiak,B,72,175,0.231,13,['poor']
Jim Morrison,R,71,175,0.26,112,['excellent']
Tom Gilles,R,73,185,0.0,0,['poor']
Bobby Knoop,R,73,170,0.23600000000000002,56,['average']
Bobby Brown,B,74,190,0.245,26,['excellent']
Tom Hutton,L,71,180,0.248,22,['excellent']
Ron Hodges,L,73,185,0.24,19,['excellent']
Rich Chiles,L,71,170,0.254,6,['good']
Tom Paciorek,R,76,215,0.282,86,['excellent']
Gary Woods,R,74,185,0.243,13,['good']
Bob Montgomery,R,73,195,0.258,23,['excellent']
Jeff Burroughs,R,73,200,0.261,240,['excellent']
Rusty Staub,L,74,190,0.27899999999999997,292,['excellent']
Jim Norris,L,70,175,0.264,7,['good']
Oscar Gamble,L,71,160,0.265,200,['excellent']
Bob Kammeyer,R,76,210,0.0,0,['poor']
George Vukovich,L,72,198,0.268,27,['excellent']
Joe Pactwa,L,71,185,0.0,0,['poor']
Craig Reynolds,L,73,175,0.256,42,['excellent']
Paul Blair,R,72,168,0.25,134,['excellent']
Al Cowens,R,73,197,0.27,108,['excellent']
Al Oliver,L,72,195,0.303,219,['excellent']
Dave Hilton,R,71,191,0.213,6,['poor']
Luis Alvarado,R,69,162,0.214,5,['poor']
Larry Parrish,R,75,190,0.263,256,['excellent']
Woodie Fryman,R,75,197,0.138,2,['poor']
Bob Randall,R,74,175,0.257,1,['good']
Jim Pankovits,R,70,170,0.25,9,['good']
Sherman Corbett,L,76,205,0.0,0,['poor']
Carmen Fanzone,R,72,200,0.22399999999999998,20,['average']
Gary Allenson,R,71,185,0.221,19,['average']
Milt May,L,72,190,0.263,77,['excellent']
Mike Vail,R,73,180,0.27899999999999997,34,['excellent']
Nick Esasky,R,75,200,0.25,122,['excellent']
Jim Nettles,L,72,186,0.22,16,['average']
Lafayette Currence,B,71,175,0.0,0,['poor']
Chris Cannizzaro,R,72,190,0.235,18,['average']
Larry Biittner,L,74,205,0.273,29,['excellent']
John Pawlowski,R,74,175,0.0,0,['poor']
Mel Stottlemyre,R,73,178,0.16,7,['poor']
Jack Hardy,R,74,175,0.0,0,['poor']
Ron Musselman,R,74,185,0.0,0,['poor']
Roy Smalley,B,73,185,0.257,163,['excellent']
Tony Chevez,R,71,177,0.0,0,['poor']
Andy Messersmith,R,73,200,0.17,5,['poor']
Richie Zisk,R,73,200,0.287,207,['excellent']
Dave Chalk,R,70,175,0.252,15,['excellent']
Don Baylor,R,73,190,0.26,338,['excellent']
John Vukovich,R,73,187,0.161,6,['poor']
Danny Thompson,R,72,183,0.248,15,['excellent']
Joe Simpson,L,75,175,0.242,9,['good']
Bill Fahey,L,72,200,0.24100000000000002,7,['good']
Doug Camilli,R,71,195,0.19899999999999998,18,['average']
Bernie Allen,L,72,175,0.239,73,['excellent']
Bruce Bochy,R,75,205,0.239,26,['excellent']
Gary Ignasiak,R,71,185,0.0,0,['poor']
Claudell Washington,L,72,190,0.278,164,['excellent']
John Donaldson,L,71,160,0.23800000000000002,4,['good']
Mike Smithson,L,80,215,0.0,0,['poor']
John Mayberry,L,75,215,0.253,255,['excellent']
Ken Reitz,R,72,180,0.26,68,['excellent']
Amos Otis,R,71,165,0.27699999999999997,193,['excellent']
Gene Alley,R,70,160,0.254,55,['excellent']
Ted Sizemore,R,70,165,0.262,23,['excellent']
Dan Briggs,L,72,180,0.195,12,['poor']
Joe Skalski,R,75,190,0.0,0,['poor']
Doug Flynn,R,71,165,0.23800000000000002,7,['good']
Bert Bradley,B,73,190,0.0,0,['poor']
Ken Holtzman,R,74,175,0.163,2,['poor']
Pete Ward,L,73,185,0.254,98,['excellent']
Kevin Bell,R,72,195,0.222,13,['poor']
Tom Nieto,R,73,193,0.205,5,['poor']
Duke Sims,L,74,197,0.239,100,['excellent']
Larvell Blanks,R,68,167,0.253,20,['excellent']
Francisco Barrios,R,71,155,0.0,0,['poor']
Mike Davis,L,74,175,0.259,91,['excellent']
Jerry Reuss,L,77,200,0.16699999999999998,1,['poor']
Steve Yeager,R,72,190,0.228,102,['average']
Danny Goodwin,L,73,195,0.23600000000000002,13,['poor']
Bud Harrelson,B,71,160,0.23600000000000002,7,['poor']
Bob Knepper,L,75,195,0.13699999999999998,6,['poor']
Mickey Rivers,L,70,165,0.295,61,['excellent']
Jim Northrup,L,75,190,0.267,153,['excellent']
John Hale,L,74,195,0.201,14,['poor']
Reggie Ritter,L,74,195,0.0,0,['poor']
Pedro Garcia,R,70,175,0.22,37,['average']
Carl Yastrzemski,L,71,175,0.285,452,['excellent']
Bob Babcock,R,77,210,0.0,0,['poor']
Craig Eaton,R,71,175,0.0,0,['poor']
Derrel Thomas,B,72,160,0.249,43,['excellent']
Art Howe,R,74,190,0.26,43,['excellent']
Ike Brown,R,72,190,0.256,20,['excellent']
Howie Goss,R,76,204,0.21600000000000003,11,['poor']
Glenn Borgmann,R,76,210,0.22899999999999998,16,['average']
Lamar Johnson,R,74,215,0.287,64,['excellent']
Julio Gonzalez,R,71,162,0.235,4,['poor']
Bobby Klaus,R,70,170,0.20800000000000002,6,['poor']
Manny Sanguillen,R,72,193,0.29600000000000004,65,['excellent']
Gates Brown,L,71,220,0.257,84,['excellent']
Johnny Ray,B,71,170,0.29,53,['excellent']
Jesus Alou,R,74,190,0.28,32,['excellent']
Ken Landreaux,L,70,165,0.268,91,['excellent']
Enos Cabell,R,76,170,0.27699999999999997,60,['excellent']
Roy Branch,R,72,175,0.0,0,['poor']
Billy North,B,71,185,0.261,20,['excellent']
Juan Beniquez,R,71,150,0.27399999999999997,79,['excellent']
Frank Fernandez,R,72,185,0.19899999999999998,39,['average']
Bombo Rivera,R,70,187,0.265,10,['good']
Steve Brye,R,72,190,0.258,30,['excellent']
Ron Jackson,R,72,200,0.259,56,['excellent']
Roger Metzger,B,72,165,0.231,5,['poor']
Rufino Linares,R,72,170,0.27,11,['good']
Ray Webster,L,72,185,0.244,17,['excellent']
Bob Kearney,R,72,190,0.233,27,['average']
Fergie Jenkins,R,77,205,0.165,13,['poor']
Dick Dietz,R,73,195,0.261,66,['excellent']
Ted Cox,R,75,195,0.245,10,['good']
Bobby Mitchell,L,70,170,0.243,3,['good']
Bobby Mitchell,R,75,185,0.235,21,['average']
Barry Evans,R,73,180,0.251,2,['good']
Mickey Brantley,R,70,180,0.259,32,['excellent']
Al Gallagher,R,72,180,0.263,11,['good']
Rob Woodward,R,75,185,0.0,0,['poor']
Hector Cruz,R,71,170,0.225,39,['average']
Fred Norman,B,68,155,0.125,0,['poor']
Woody Woodward,R,74,180,0.23600000000000002,1,['poor']
Ted Martinez,R,72,165,0.24,7,['good']
Jim Anderson,R,72,170,0.218,13,['poor']
Lenn Sakata,R,69,160,0.23,25,['average']
Dave Duncan,R,74,190,0.214,109,['average']
Randy Jones,R,72,178,0.132,0,['poor']
Dick Billings,R,73,195,0.22699999999999998,16,['average']
Bob Veselic,R,72,175,0.0,0,['poor']
Bruce Bochte,L,75,195,0.282,100,['excellent']
Bernie Carbo,L,71,173,0.264,96,['excellent']
Vic Davalillo,L,67,150,0.27899999999999997,36,['excellent']
Burt Hooton,R,73,210,0.12300000000000001,4,['poor']
Chuck Hockenbery,B,73,195,0.0,0,['poor']
Bob Ferris,R,78,225,0.0,0,['poor']
Fernando Gonzalez,R,70,165,0.235,17,['average']
Jim Sundberg,R,72,190,0.248,95,['excellent']
Andy Kosco,R,75,205,0.23600000000000002,73,['average']
Steve Huntz,B,73,204,0.20600000000000002,16,['average']
Gary Wheelock,R,75,205,0.0,0,['poor']
Lenny Faedo,R,72,170,0.251,5,['good']
John Lowenstein,L,72,175,0.253,116,['excellent']
Don Kessinger,B,73,170,0.252,14,['good']
Joe Hague,L,72,195,0.239,40,['excellent']
Bake McBride,L,74,190,0.299,63,['excellent']
Dick Davis,R,75,190,0.265,27,['excellent']
Richie Scheinblum,B,73,180,0.263,13,['good']
Ed Herrmann,L,73,195,0.24,80,['excellent']
Mike Rochford,L,76,205,0.0,0,['poor']
Jeff Schneider,B,75,195,0.0,0,['poor']
Bob Molinaro,L,72,190,0.264,14,['good']
Mike Hegan,L,73,188,0.242,53,['excellent']
Mike Diaz,R,74,195,0.247,31,['excellent']
Tim Foli,R,72,179,0.251,25,['excellent']
Alan Knicely,R,72,190,0.213,12,['poor']
Tim Laudner,R,75,212,0.225,77,['average']
Jose Morales,R,71,187,0.287,26,['excellent']
Luis Encarnacion,R,70,178,0.0,0,['poor']
Rick Kreuger,R,74,185,0.0,0,['poor']
Juan Marichal,R,72,185,0.165,4,['poor']
Vida Blue,B,72,189,0.10400000000000001,4,['poor']
Angel Moreno,L,69,165,0.0,0,['poor']
Roger Weaver,R,75,190,0.0,0,['poor']
Stan Papi,R,72,170,0.218,7,['poor']
Rob Wilfong,L,73,180,0.248,39,['excellent']
Chris Knapp,R,77,195,0.0,0,['poor']
Steve Henderson,R,74,190,0.28,68,['excellent']
Rob Picciolo,R,74,185,0.23399999999999999,17,['average']
Don Welchel,R,76,205,0.0,0,['poor']
Randy Wiles,L,73,185,0.0,0,['poor']
Roberto Pena,R,68,170,0.245,13,['good']
Bob Dernier,R,72,160,0.255,23,['excellent']
Bill Melton,R,74,200,0.253,160,['excellent']
Albert Hall,B,71,155,0.251,5,['good']
Barbaro Garbey,R,70,170,0.267,11,['good']
John Milner,L,72,185,0.249,131,['excellent']
Rich Reese,L,75,185,0.253,52,['excellent']
Chris Bando,B,72,195,0.22699999999999998,27,['average']
Bill Buckner,L,72,185,0.289,174,['excellent']
Jack Hiatt,R,74,190,0.251,22,['excellent']
Nelson Mathews,R,76,195,0.223,22,['average']
Larry Lintz,B,69,150,0.22699999999999998,0,['poor']
Ron Theobald,R,68,165,0.248,2,['good']
Dewey Robinson,R,72,180,0.0,0,['poor']
Rafael Santana,R,73,165,0.24600000000000002,13,['good']
Jerry Hairston,B,70,170,0.258,30,['excellent']
Tony Arnold,R,71,170,0.0,0,['poor']
Jeff Schattinger,L,77,200,0.0,0,['poor']
Ike Brookens,R,77,170,0.0,0,['poor']
Tommie Aaron,R,75,190,0.22899999999999998,13,['poor']
Steve Dillard,R,73,180,0.243,13,['good']
Win Remmerswaal,R,74,160,0.0,0,['poor']
Jeff Peterek,R,74,195,0.0,0,['poor']
George Scott,R,74,200,0.268,271,['excellent']
Jeff Shaver,R,75,195,0.0,0,['poor']
Ken Walters,R,73,180,0.231,11,['poor']
Gorman Thomas,R,74,210,0.225,268,['average']
Paul Dade,R,73,185,0.27,10,['good']
Darrell Porter,L,72,193,0.247,188,['excellent']
Tim Johnson,L,73,170,0.223,0,['poor']
Fred Stanley,R,70,165,0.21600000000000003,10,['poor']
Larry Bowa,B,70,155,0.26,15,['excellent']
Tim Corcoran,L,71,175,0.27,12,['good']
Jim Spencer,L,74,195,0.25,146,['excellent']
Pete LaCock,L,74,200,0.257,27,['excellent']
Carl Morton,R,72,200,0.156,7,['poor']
Gary Gray,R,72,187,0.24,24,['excellent']
Matty Alou,L,69,160,0.307,31,['excellent']
Pete Filson,B,74,195,0.0,0,['poor']
Jim Dwyer,L,70,165,0.26,77,['excellent']
Dalton Jones,L,73,180,0.235,41,['average']
Rennie Stennett,R,71,160,0.27399999999999997,41,['excellent']
Jim Gideon,R,75,190,0.0,0,['poor']
Jerry May,R,74,190,0.23399999999999999,15,['average']
Rich McKinney,R,71,185,0.225,20,['average']
Clint Hurdle,L,75,195,0.259,32,['excellent']
Mike Andrews,R,75,195,0.258,66,['excellent']
Bobby Clark,R,72,190,0.239,19,['excellent']
Jeff Twitty,L,74,185,0.0,0,['poor']
Cliff Johnson,R,76,215,0.258,196,['excellent']
Steve Cummings,B,74,200,0.0,0,['poor']
Donn Clendenon,R,76,209,0.27399999999999997,159,['excellent']
Charlie James,R,73,195,0.255,29,['excellent']
Bob Horner,R,73,195,0.27699999999999997,218,['excellent']
Tom Veryzer,R,73,175,0.24100000000000002,14,['good']
Jose Cecena,R,71,180,0.0,0,['poor']
George Smith,R,70,170,0.205,9,['poor']
Jim Essian,R,74,195,0.244,33,['excellent']
Onix Concepcion,R,66,160,0.239,3,['good']
Boots Day,L,69,160,0.256,8,['good']
Brian Giles,R,73,165,0.228,10,['poor']
Garry Maddox,R,75,175,0.285,117,['excellent']
Alex Trevino,R,70,165,0.249,23,['excellent']
Jim Price,R,72,192,0.214,18,['average']
Felix Millan,R,71,172,0.27899999999999997,22,['excellent']
Steve Garvey,R,70,192,0.294,272,['excellent']
Don Mincher,L,75,205,0.249,200,['excellent']
Greg Erardi,R,73,190,0.0,0,['poor']
Jim Farr,R,73,195,0.0,0,['poor']
Tony Cloninger,R,72,210,0.192,11,['poor']
Jim Gosger,L,71,185,0.226,30,['average']
Chuck Harrison,R,70,185,0.23800000000000002,17,['excellent']
Mike Ivie,R,75,205,0.26899999999999996,81,['excellent']
Frank Dimichele,R,75,205,0.0,0,['poor']
Bob Veale,B,78,212,0.114,0,['poor']
Marvell Wynne,L,71,175,0.247,40,['excellent']
Dusty Baker,R,74,183,0.278,242,['excellent']
Tucker Ashford,R,73,195,0.218,6,['poor']
Ned Yost,R,73,190,0.212,16,['average']
Bob Stinson,B,71,180,0.25,33,['excellent']
Mike Warren,R,73,175,0.0,0,['poor']
Gaylord Perry,R,76,205,0.131,6,['poor']
Dave Marshall,L,73,182,0.24600000000000002,16,['excellent']
Mickey Hatcher,R,74,200,0.28,38,['excellent']
Roger Repoz,L,75,190,0.22399999999999998,82,['average']
Bill Fulton,R,75,195,0.0,0,['poor']
John Orsino,R,75,215,0.249,40,['excellent']
Larry Anderson,R,75,190,0.0,0,['poor']
Johnny Briggs,L,73,190,0.253,139,['excellent']
Craig Mitchell,R,75,180,0.0,0,['poor']
Dave Hostetler,R,76,215,0.22899999999999998,37,['average']
Bob Jones,L,74,195,0.221,20,['average']
Keith Hernandez,L,72,180,0.29600000000000004,162,['excellent']
Alfredo Martinez,R,75,185,0.0,0,['poor']
Dean Chance,R,75,200,0.066,0,['poor']
Willie Upshaw,L,72,185,0.262,123,['excellent']
Dick Green,R,70,180,0.24,80,['excellent']
Dane Iorg,L,72,180,0.276,14,['good']
Richie Hebner,L,73,195,0.276,203,['excellent']
Fran Healy,R,77,220,0.25,20,['excellent']
Doc Edwards,R,74,215,0.23800000000000002,15,['excellent']
Sandy Alomar,B,69,140,0.245,13,['good']
Joe Strain,R,70,169,0.25,1,['good']
Gene Richards,L,72,175,0.29,26,['excellent']
Buddy Bell,R,73,180,0.27899999999999997,201,['excellent']
Al Woods,L,75,190,0.271,35,['excellent']
Rudy Law,L,73,165,0.271,18,['excellent']
Joel Davis,L,77,205,0.0,0,['poor']
Jody Davis,R,76,192,0.245,127,['excellent']
Mike Edwards,R,70,154,0.25,2,['good']
Bill Mooneyham,R,72,175,0.0,0,['poor']
John Hobbs,R,75,190,0.0,0,['poor']
Deron Johnson,R,74,200,0.244,245,['excellent']
John Denny,R,75,185,0.17,0,['poor']
Don Wert,R,70,162,0.242,77,['excellent']
Mike Fiore,L,72,175,0.22699999999999998,13,['poor']
Miguel Dilone,B,72,160,0.265,6,['good']
Greg Luzinski,R,73,220,0.276,307,['excellent']
Bobby Tolan,L,71,170,0.265,86,['excellent']
Karl Best,R,76,190,0.0,0,['poor']
Steve Barr,L,76,200,0.0,0,['poor']
Ron Woods,R,70,168,0.233,26,['average']
Tony Horton,R,75,210,0.268,76,['excellent']
Randy Hundley,R,71,170,0.23600000000000002,82,['average']
Jose Tartabull,L,71,165,0.261,2,['good']
Ben Oglivie,L,74,160,0.273,235,['excellent']
Luis Sanchez,R,74,170,0.0,0,['poor']
Bob Johnson,R,70,175,0.272,44,['excellent']
Don Buford,B,67,160,0.264,93,['excellent']
Duane Kuiper,L,72,175,0.271,1,['good']
Brant Alyea,R,75,215,0.247,38,['excellent']
Jerry Narron,L,75,205,0.21100000000000002,21,['average']
Lou Johnson,R,71,170,0.258,48,['excellent']
Ken Retzer,L,72,185,0.264,14,['good']
Mike Brown,R,74,195,0.265,23,['excellent']
Mike Brown,R,74,195,0.0,0,['poor']
Greg Walker,L,75,205,0.26,113,['excellent']
Terry Harper,R,76,195,0.253,36,['excellent']
Jerry Royster,R,72,165,0.249,40,['excellent']
Steve Davis,L,73,195,0.0,0,['poor']
Jeff Rineer,L,76,205,0.0,0,['poor']
Barry Bonnell,R,75,190,0.272,56,['excellent']
Tom Seaver,R,73,195,0.154,12,['poor']
Jerry Martin,R,73,195,0.251,85,['excellent']
Bill Stein,R,70,170,0.267,44,['excellent']
Joel Youngblood,R,72,180,0.265,80,['excellent']
Reggie Jackson,L,72,195,0.262,563,['excellent']
Sonny Jackson,L,69,150,0.251,7,['good']
Mark Mercer,L,77,220,0.0,0,['poor']
Rodney Scott,B,72,160,0.23600000000000002,3,['poor']
Rich Coggins,L,68,170,0.265,12,['good']
Phil Gagliano,R,73,180,0.23800000000000002,14,['good']
Jerry McNertney,R,72,180,0.237,27,['average']
Mitchell Page,L,74,205,0.266,72,['excellent']
Kiko Garcia,R,71,180,0.239,12,['good']
Larry Milbourne,B,72,161,0.254,11,['good']
Bill Sudakis,B,73,190,0.23399999999999999,59,['average']
John Caneira,R,75,180,0.0,0,['poor']
Domingo Ramos,R,70,154,0.24,8,['good']
Ron Oester,B,74,185,0.265,42,['excellent']
Glenn Adams,L,73,180,0.28,34,['excellent']
Clint Zavaras,R,73,175,0.0,0,['poor']
Joe Morgan,L,67,160,0.271,268,['excellent']
R.J. Reynolds,B,72,190,0.267,35,['excellent']
Mike Parrott,R,76,210,0.0,0,['poor']
Lee Thomas,L,74,195,0.255,106,['excellent']
Ray Fosse,R,74,215,0.256,61,['excellent']
Paul Popovich,B,72,175,0.233,14,['poor']
John Stephenson,L,71,180,0.21600000000000003,12,['poor']
Doug Clemens,L,72,180,0.22899999999999998,12,['poor']
Luis Aponte,R,72,185,0.0,0,['poor']
Orlando Mercado,R,72,180,0.19899999999999998,7,['poor']
Charley Smith,R,73,170,0.239,69,['excellent']
Paul Boris,R,74,200,0.0,0,['poor']
Buddy Biancalana,B,71,160,0.205,6,['poor']
De Wayne Buice,R,72,170,0.0,0,['poor']
Bob Uecker,R,73,190,0.2,14,['poor']
Felix Torres,R,71,165,0.254,27,['excellent']
Steve Braun,L,70,180,0.271,52,['excellent']
Ray Knight,R,73,185,0.271,84,['excellent']
Ty Cline,L,72,170,0.23800000000000002,6,['good']
Thad Bosley,L,75,175,0.272,20,['excellent']
Bobby Grich,R,74,180,0.266,224,['excellent']
Jimmie Hall,L,72,175,0.254,121,['excellent']
John Boccabella,R,73,195,0.21899999999999997,26,['average']
Brock Davis,L,70,160,0.26,1,['good']
Mark Esser,R,73,190,0.0,0,['poor']
Curt Blefary,L,74,195,0.237,112,['average']
Daryl Smith,R,76,185,0.0,0,['poor']
Dave Smith,R,73,190,0.0,0,['poor']
Mack Jones,L,73,180,0.252,133,['excellent']
Buddy Bradford,R,71,170,0.226,52,['average']
Hosken Powell,L,73,175,0.259,17,['excellent']
Dave Stapleton,L,73,185,0.0,0,['poor']
Dave Stapleton,R,73,178,0.271,41,['excellent']
Gary Ward,R,74,195,0.276,130,['excellent']
Jim Lonborg,R,77,200,0.136,3,['poor']
Joe Lis,R,72,175,0.233,32,['average']
Dan Meyer,L,71,180,0.253,86,['excellent']
Jim Holt,L,72,180,0.265,19,['excellent']
Tom Klawitter,R,74,190,0.0,0,['poor']
Larry Herndon,R,75,190,0.27399999999999997,107,['excellent']
Gary Christenson,L,77,200,0.0,0,['poor']
Jim Wright,R,77,205,0.0,0,['poor']
Jim Wright,R,73,165,0.0,0,['poor']
Wallace Johnson,B,72,173,0.255,5,['good']
Mike Kinnunen,L,73,185,0.0,0,['poor']
Eddie Leon,R,72,170,0.23600000000000002,24,['average']
Dave Rajsich,L,77,175,0.0,0,['poor']
Jim Wohlford,R,71,175,0.26,21,['excellent']
J.R. Richard,R,80,222,0.168,10,['poor']
Bill Voss,L,74,160,0.22699999999999998,19,['average']
Keith Moreland,R,72,190,0.27899999999999997,121,['excellent']
Ramon Pena,R,70,155,0.0,0,['poor']
Alex Johnson,R,72,205,0.28800000000000003,78,['excellent']
Wayne Krenchicki,L,73,180,0.266,15,['excellent']
Chico Escarrega,R,71,185,0.0,0,['poor']
Dave Rosello,R,71,160,0.23600000000000002,10,['poor']
Cardell Camper,R,75,208,0.0,0,['poor']
Paul Schaal,R,71,165,0.244,57,['excellent']
Tito Landrum,R,71,175,0.249,13,['good']
Dave Edwards,R,72,170,0.237,14,['poor']
Mario Guerrero,R,70,155,0.257,7,['good']
Tom Tresh,B,73,180,0.245,153,['excellent']
Mike Overy,R,74,190,0.0,0,['poor']
Ron Roenicke,B,72,180,0.23800000000000002,17,['excellent']
Doug Griffin,R,72,160,0.245,7,['good']
Steve Blass,R,72,165,0.172,1,['poor']
Johnnie LeMaster,R,74,165,0.222,22,['average']
Craig Chamberlain,R,73,190,0.0,0,['poor']
Nate Oliver,R,70,160,0.226,2,['poor']
Ray Sadecki,L,71,180,0.191,5,['poor']
Ken Rudolph,R,73,180,0.213,6,['poor']
Wayne Nordhagen,R,74,205,0.282,39,['excellent']
Biff Pocoroba,B,70,175,0.257,21,['excellent']
Len Matuszek,L,74,190,0.23399999999999999,30,['average']
Frank Eufemia,R,71,185,0.0,0,['poor']
Joe Lefebvre,L,70,170,0.258,31,['excellent']
Jim Maloney,L,74,190,0.201,7,['poor']
Andre Robertson,R,70,155,0.251,5,['good']
Jerry Zimmerman,R,74,185,0.204,3,['poor']
Jack Lazorko,R,71,200,0.0,0,['poor']
Mike Paxton,R,71,190,0.0,0,['poor']
Chet Lemon,R,72,190,0.273,215,['excellent']
Rickey Keeton,R,74,190,0.0,0,['poor']
Phil Mankowski,L,72,180,0.264,8,['good']
Cleon Jones,R,72,185,0.281,93,['excellent']
Joaquin Andujar,B,72,170,0.127,5,['poor']
Mike Lum,L,72,180,0.247,90,['excellent']
Johnny Grubb,L,75,175,0.278,99,['excellent']
Curt Motton,R,68,164,0.213,25,['average']
Johnny Bench,R,73,197,0.267,389,['excellent']
Dale Berra,R,72,180,0.23600000000000002,49,['average']
Terry Felton,R,73,180,0.0,0,['poor']
Bob Meacham,B,73,175,0.23600000000000002,8,['poor']
Mark Clear,R,76,200,0.0,0,['poor']
Carl Warwick,R,70,170,0.248,31,['excellent']
Sam Bowens,R,73,188,0.223,45,['average']
George Wright,B,71,180,0.245,42,['excellent']
Luis Aguayo,R,69,173,0.23600000000000002,37,['average']
Hal Lanier,R,74,180,0.228,8,['poor']
Mike Pazik,L,74,195,0.0,0,['poor']
Len Randle,B,70,169,0.257,27,['excellent']
Greg Pryor,R,72,180,0.25,14,['good']
Jim Traber,L,72,194,0.22699999999999998,27,['average']
Dave Nelson,R,70,160,0.244,20,['excellent']
Lynn Jones,R,69,175,0.252,7,['good']
Bryan Little,B,70,160,0.245,3,['good']
Ken Suarez,R,69,175,0.22699999999999998,5,['poor']
Rick Peters,B,69,170,0.27699999999999997,2,['good']
Ron Stone,L,74,185,0.24100000000000002,6,['good']
Rich Barnes,R,76,186,0.0,0,['poor']
Tommie Agee,R,71,195,0.255,130,['excellent']
Bob Bailey,R,73,180,0.257,189,['excellent']
Cap Peterson,R,74,195,0.23,19,['average']
Ted Uhlaender,L,74,190,0.263,36,['excellent']
Ted Simmons,B,71,193,0.285,248,['excellent']
Bobby Murcer,L,71,160,0.27699999999999997,252,['excellent']
Dick Tracewski,R,71,160,0.213,8,['poor']
Dave Frost,R,78,235,0.0,0,['poor']
Mark Souza,L,72,180,0.0,0,['poor']
Bill Nahorodny,R,74,200,0.24100000000000002,25,['excellent']
Bill Madlock,R,71,180,0.305,163,['excellent']
Bob Boone,R,74,195,0.254,105,['excellent']
Rick Jones,L,77,190,0.0,0,['poor']
Steve Kemp,L,72,195,0.278,130,['excellent']
Rick Burleson,R,70,165,0.273,50,['excellent']
Jim Dorsey,R,79,190,0.0,0,['poor']
Mark Ciardi,R,72,180,0.0,0,['poor']
Dennis Burtt,R,72,180,0.0,0,['poor']
Carl Taylor,R,74,200,0.266,10,['good']
Terry Harmon,R,74,180,0.233,4,['poor']
Mike Hargrove,L,72,195,0.29,80,['excellent']
Rich Yett,R,74,187,0.0,0,['poor']
Steve Hovley,L,70,188,0.258,8,['good']
Don Leppert,R,74,220,0.22899999999999998,15,['average']
Matt Williams,R,73,200,0.0,0,['poor']
Jim Burton,R,75,195,0.0,0,['poor']
Rick Anderson,R,74,210,0.0,0,['poor']
Charlie Mitchell,R,75,170,0.0,0,['poor']
Bill Paschall,R,72,175,0.0,0,['poor']
John Bohnet,B,72,175,0.0,0,['poor']
Byron McLaughlin,R,73,175,0.0,0,['poor']
Lee May,R,75,195,0.267,354,['excellent']
Luis Quintana,L,74,175,0.0,0,['poor']
Sam McDowell,L,77,190,0.154,2,['poor']
Rick Renick,R,72,188,0.221,20,['average']
Jeff Torborg,R,72,195,0.214,8,['poor']
Dave Campbell,R,73,180,0.213,20,['average']
Pat Kelly,L,73,185,0.264,76,['excellent']
Al Weis,B,72,160,0.21899999999999997,7,['poor']
Jerry Turner,L,69,180,0.257,45,['excellent']
Rick Auerbach,R,72,165,0.22,9,['poor']
Keith Macwhorter,R,76,190,0.0,0,['poor']
Don Wilson,R,74,195,0.146,1,['poor']
Jaime Cocanower,R,76,200,0.0,0,['poor']
Jeff Sellers,R,73,175,0.0,0,['poor']
Sandy Valdespino,L,68,170,0.23,7,['poor']
Steve Senteney,R,74,205,0.0,0,['poor']
Howard Bailey,R,72,195,0.0,0,['poor']
Jeff Bettendorf,R,75,180,0.0,0,['poor']
Ken Phelps,L,73,209,0.239,123,['excellent']
Cesar Cedeno,R,74,175,0.285,199,['excellent']
Bob Davidson,R,72,185,0.0,0,['poor']
Phil Linz,R,73,180,0.235,11,['poor']
Manny Mota,R,70,160,0.304,31,['excellent']
Brian Snyder,L,75,185,0.0,0,['poor']
Steve Renko,R,77,230,0.215,6,['poor']
Rick Sofield,L,73,195,0.243,9,['good']
Carlos Velazquez,R,71,180,0.0,0,['poor']
Roger Miller,R,75,200,0.0,0,['poor']
Doug DeCinces,R,74,190,0.259,237,['excellent']
John Castino,R,71,175,0.278,41,['excellent']
Dave May,L,70,186,0.251,96,['excellent']
Ron Washington,R,71,155,0.261,20,['excellent']
Billy Grabarkewitz,R,70,165,0.23600000000000002,28,['average']
Willie Aikens,L,75,220,0.271,110,['excellent']
Earl Williams,R,75,215,0.247,138,['excellent']
Willie Mueller,R,76,220,0.0,0,['poor']
John Flinn,R,72,175,0.0,0,['poor']
Don Hahn,R,73,180,0.23600000000000002,7,['poor']
Todd Cruz,R,72,175,0.22,34,['average']
Tom Egan,R,76,218,0.2,22,['average']
Bob Heise,R,72,175,0.247,1,['good']
Tommy Harper,R,69,165,0.257,146,['excellent']
Joe Wallis,B,71,180,0.244,16,['excellent']
Max Alvis,R,71,185,0.247,111,['excellent']
Rico Carty,R,75,200,0.299,204,['excellent']
Mike Cubbage,L,72,180,0.258,34,['excellent']
Les Straker,R,73,193,0.0,0,['poor']
Merritt Ranew,L,71,170,0.247,8,['good']
Lyman Bostock,L,73,180,0.311,23,['excellent']
Damaso Garcia,R,73,165,0.28300000000000003,36,['excellent']
Don Kainer,R,75,205,0.0,0,['poor']
Don Gordon,R,73,175,0.0,0,['poor']
Roy Howell,L,73,190,0.261,80,['excellent']
Boog Powell,L,76,230,0.266,339,['excellent']
Sandy Wihtol,R,73,195,0.0,0,['poor']
Sonny Siebert,R,75,190,0.17300000000000001,12,['poor']
Jeff Richardson,R,75,185,0.0,0,['poor']
Bobby Darwin,R,74,190,0.251,83,['excellent']
Dennis DeBarr,L,74,190,0.0,0,['poor']
Dan Driessen,L,71,187,0.267,153,['excellent']
Bruce Miller,R,73,185,0.24600000000000002,1,['good']
Bob Bailor,R,71,170,0.264,9,['good']
Tommy Helms,R,70,165,0.26899999999999996,34,['excellent']
Tony Armas,R,71,182,0.252,251,['excellent']
Willie Horton,R,71,209,0.273,325,['excellent']
Lou Piniella,R,72,182,0.29100000000000004,102,['excellent']
Butch Hobson,R,73,193,0.248,98,['excellent']
John Wathan,R,74,205,0.262,21,['excellent']
Hal King,L,73,200,0.214,24,['average']
Mike Krukow,R,77,205,0.193,5,['poor']
Andres Mora,R,72,180,0.223,27,['average']
Barry Foote,R,75,205,0.23,57,['average']
Ed Ott,L,70,190,0.259,33,['excellent']
Alan Wiggins,B,74,160,0.259,5,['good']
Ron Clark,R,70,175,0.18899999999999997,5,['poor']
Jay Pettibone,R,76,182,0.0,0,['poor']
Glen Cook,R,71,180,0.0,0,['poor']
Julio Gotay,R,72,180,0.26,6,['good']
Gary Alexander,R,74,195,0.23,55,['average']
Andre Thornton,R,75,200,0.254,253,['excellent']
Bob Oliver,R,75,205,0.256,94,['excellent']
Bill Castro,R,71,170,0.0,0,['poor']
Ed Hodge,L,74,192,0.0,0,['poor']
Tom Buskey,R,75,200,0.0,0,['poor']
Bruce Taylor,R,72,178,0.0,0,['poor']
Stan Thomas,R,74,185,0.0,0,['poor']
Bob Robertson,R,73,195,0.242,115,['excellent']
Larry Monroe,R,76,200,0.0,0,['poor']
Roger Slagle,R,75,190,0.0,0,['poor']
Ollie Brown,R,74,178,0.265,102,['excellent']
Jim Campbell,L,71,175,0.0,0,['poor']
Frank Quilici,R,73,170,0.214,5,['poor']
Curt Kaufman,R,74,175,0.0,0,['poor']
Joe Pepitone,L,74,185,0.258,219,['excellent']
Steve Barber,L,72,195,0.115,5,['poor']
De Wayne Vaughn,R,71,180,0.0,0,['poor']
Norm Miller,L,70,185,0.23800000000000002,24,['excellent']
Bob Galasso,L,73,205,0.0,0,['poor']
Rich Wortham,R,72,185,0.0,0,['poor']
Bob Chance,L,74,196,0.261,24,['excellent']
Julio Cruz,B,69,165,0.237,23,['average']
Bill Sample,R,69,175,0.272,46,['excellent']
Juan Nieves,L,75,175,0.0,0,['poor']
Mike Bacsik,R,74,180,0.0,0,['poor']
Craig Kusick,R,75,210,0.235,46,['average']
Rudy Meoli,L,69,165,0.212,2,['poor']
Ruppert Jones,L,70,170,0.25,147,['excellent']
Glenn Hoffman,R,73,175,0.242,23,['excellent']
Russ Gibson,R,73,195,0.228,8,['poor']
Phil Huffman,R,74,180,0.0,0,['poor']
Terry Francona,L,73,190,0.27399999999999997,16,['excellent']
John Bateman,R,75,210,0.23,81,['average']
Luis Pujols,R,74,175,0.193,6,['poor']
Joe Gaines,R,73,190,0.24100000000000002,21,['excellent']
Doug Rader,R,74,208,0.251,155,['excellent']
Mickey Stanley,R,73,185,0.248,117,['excellent']
Steve Brown,R,77,200,0.0,0,['poor']
Rick Lysander,R,74,190,0.0,0,['poor']
Phil Bradley,R,72,185,0.28600000000000003,78,['excellent']
Winston Llenas,R,70,165,0.23,3,['poor']
Charlie Moore,R,71,180,0.261,36,['excellent']
Ralph Garr,L,71,185,0.306,75,['excellent']
Tommy John,R,75,180,0.157,5,['poor']
Bruce Benedict,R,73,175,0.242,18,['excellent']
John Ellis,R,74,225,0.262,69,['excellent']
Wes Parker,B,73,180,0.267,64,['excellent']
Mel Stottlemyre,R,72,190,0.0,0,['poor']
David Green,R,75,170,0.268,31,['excellent']
Reid Nichols,R,71,165,0.266,22,['excellent']
Rick Reichardt,R,75,210,0.261,116,['excellent']
Luis Tiant,R,72,180,0.16399999999999998,5,['poor']
Alex Sanchez,R,74,185,0.0,0,['poor']
Broderick Perkins,L,70,180,0.271,8,['good']
Leon Roberts,R,75,200,0.267,78,['excellent']
Ray Burris,R,77,200,0.151,1,['poor']
Len Gabrielson,L,76,210,0.253,37,['excellent']
Johnny Edwards,L,76,220,0.242,81,['excellent']
Paul Wilmet,R,71,170,0.0,0,['poor']
Tom Grieve,R,74,190,0.249,65,['excellent']
Bruce Ellingsen,L,72,180,0.0,0,['poor']
Bob Forsch,R,76,200,0.213,12,['poor']
Gorman Heimueller,L,76,195,0.0,0,['poor']
Danny Cater,R,72,170,0.276,66,['excellent']
Bill Schroeder,R,74,200,0.24,61,['excellent']
Clay Dalrymple,L,72,190,0.233,55,['average']
Carlos May,L,71,200,0.27399999999999997,90,['excellent']
Reggie Smith,B,72,180,0.287,314,['excellent']
Ron Reed,R,78,215,0.158,0,['poor']
Fred Howard,R,75,190,0.0,0,['poor']
Davey Johnson,R,73,170,0.261,136,['excellent']
Ellis Valentine,R,76,205,0.278,123,['excellent']
Roy White,B,70,160,0.271,160,['excellent']
Mike Brumley,L,70,195,0.22899999999999998,5,['poor']
Al Luplow,L,70,175,0.235,33,['average']
John Hoover,R,74,190,0.0,0,['poor']
Dick Allen,R,71,187,0.292,351,['excellent']
Doug Ault,R,75,200,0.23600000000000002,17,['average']
Mark Wagner,R,72,165,0.243,3,['good']
Mike Walters,R,77,203,0.0,0,['poor']
Willie Stargell,L,74,188,0.282,475,['excellent']
Steve Carlton,L,76,210,0.201,13,['poor']
Jake Wood,R,73,163,0.25,35,['excellent']
Del Unser,L,73,180,0.258,87,['excellent']
Bob Brower,R,71,185,0.242,17,['excellent']
Ray Culp,R,72,200,0.12300000000000001,1,['poor']
Ivan Murrell,R,74,195,0.23600000000000002,33,['average']
Lee Mazzilli,B,73,180,0.259,93,['excellent']
Garth Iorg,R,71,170,0.258,20,['excellent']
Alan Ashby,B,74,185,0.245,90,['excellent']
Bob Brenly,R,74,210,0.247,91,['excellent']
Ron Blomberg,L,73,195,0.293,52,['excellent']
Jim Rooker,R,72,195,0.201,7,['poor']
Tim Blackwell,B,71,170,0.228,6,['poor']
Colby Ward,R,74,185,0.0,0,['poor']
Jerry Morales,R,70,155,0.259,95,['excellent']
Davey Lopes,R,69,170,0.263,155,['excellent']
Catfish Hunter,R,72,190,0.226,6,['poor']
Mario Soto,R,72,174,0.132,1,['poor']
Jimmy Wynn,R,70,160,0.25,291,['excellent']
Hank Allen,R,72,190,0.24100000000000002,6,['good']
Jim Fregosi,R,73,190,0.265,151,['excellent']
Pepe Frias,R,70,159,0.24,1,['good']
Mike Schmidt,R,74,195,0.267,548,['excellent']
Willie Montanez,L,72,170,0.275,139,['excellent']
Rey Quinones,R,71,160,0.243,29,['excellent']
Mike Squires,L,71,185,0.26,6,['good']
Champ Summers,L,74,205,0.255,54,['excellent']
Chuck Porter,R,75,187,0.0,0,['poor']
Bert Campaneris,R,70,160,0.259,79,['excellent']
Bobby Valentine,R,70,189,0.26,12,['good']
Rob Andrews,R,72,185,0.251,3,['good']
Tom Haller,L,76,195,0.257,134,['excellent']
Tom Dozier,R,74,190,0.0,0,['poor']
Ed Stroud,L,71,180,0.237,14,['poor']
Ron Swoboda,R,74,195,0.242,73,['excellent']
Harry Spilman,L,73,180,0.237,18,['average']
Bob Barton,R,72,175,0.226,9,['poor']
Daryl Sconiers,L,74,185,0.265,15,['excellent']
Joe Torre,R,74,212,0.297,252,['excellent']
Al Ferrara,R,73,200,0.259,51,['excellent']
Rick Steirer,R,76,200,0.0,0,['poor']
Sixto Lezcano,R,70,165,0.271,148,['excellent']
Al Lachowicz,R,75,198,0.0,0,['poor']
Dave Nicholson,R,74,215,0.212,61,['average']
Freddie Patek,R,65,148,0.242,41,['excellent']
Ken Hubbs,R,74,175,0.247,14,['good']
Pepe Mangual,R,70,157,0.242,16,['excellent']
Leron Lee,L,72,196,0.25,31,['excellent']
Tom McCarthy,R,72,180,0.0,0,['poor']
Steve Ontiveros,B,72,185,0.27399999999999997,24,['excellent']
Willie Davis,L,74,180,0.27899999999999997,182,['excellent']
Tom Lawless,R,71,170,0.207,2,['poor']
Jerry Moses,R,75,210,0.251,25,['excellent']
Bobby Bonds,R,73,190,0.268,332,['excellent']
Dave McNally,R,71,185,0.133,9,['poor']
Darrell Brown,B,72,184,0.27399999999999997,1,['good']
Roy Foster,R,72,185,0.253,45,['excellent']
Denis Menke,R,72,185,0.25,101,['excellent']
Hal Breeden,R,74,200,0.243,21,['excellent']
Manny Trillo,R,73,150,0.263,61,['excellent']
Jackie Gutierrez,R,71,175,0.237,4,['poor']
Jerry Kenney,L,73,170,0.237,7,['poor']
Fred Kendall,R,73,185,0.23399999999999999,31,['average']
Mike Anderson,R,74,200,0.24600000000000002,28,['excellent']
Jim Lewis,R,75,190,0.0,0,['poor']
Joe Charboneau,R,74,205,0.266,29,['excellent']
Jimmie Schaffer,R,69,170,0.223,11,['poor']
Junior Kennedy,R,71,175,0.248,4,['good']
Wilbur Howard,B,74,170,0.25,6,['good']
Rod Gilbreath,R,74,180,0.248,14,['good']
Mark Brouhard,R,73,210,0.259,25,['excellent']
Dan Morogiello,L,73,200,0.0,0,['poor']
Mike Young,B,74,195,0.247,72,['excellent']
Chris Speier,R,73,175,0.24600000000000002,112,['excellent']
Gene Michael,B,74,183,0.22899999999999998,15,['average']
Vic Harris,B,71,165,0.217,13,['poor']
Mike Fischlin,R,73,165,0.22,3,['poor']
Don Money,R,73,170,0.261,176,['excellent']
Joe Rudi,R,74,200,0.264,179,['excellent']
Jim Rice,R,74,200,0.298,382,['excellent']
Shawn Holman,R,74,185,0.0,0,['poor']
Alan Wirth,R,76,190,0.0,0,['poor']
Gil Garrido,R,69,150,0.237,1,['poor']
Marty Perez,R,71,160,0.24600000000000002,22,['excellent']
Tom Matchick,L,73,173,0.215,4,['poor']
Jack Perconte,L,70,160,0.27,2,['good']
Ed Kirkpatrick,L,71,195,0.23800000000000002,85,['excellent']
Jerry Grote,R,70,185,0.252,39,['excellent']
Ellie Hendricks,L,73,175,0.22,62,['average']
Jim Beauchamp,R,74,190,0.231,14,['poor']
Terry Wilshusen,R,74,210,0.0,0,['poor']
Tito Fuentes,B,71,175,0.268,45,['excellent']
Ron Brand,R,67,167,0.239,3,['good']
Leo Cardenas,R,71,150,0.257,118,['excellent']
Art Shamsky,L,73,168,0.253,68,['excellent']
Steve Ellsworth,R,80,220,0.0,0,['poor']
Ron Cey,R,70,185,0.261,316,['excellent']
Skip Jutze,R,71,190,0.215,3,['poor']
Butch Wynegar,B,73,190,0.255,65,['excellent']
Ron LeFlore,R,72,200,0.28800000000000003,59,['excellent']
Bill Russell,R,72,175,0.263,46,['excellent']
Gene Tenace,R,72,190,0.24100000000000002,201,['excellent']
Bubba Morton,R,70,175,0.267,14,['good']
Ellie Rodriguez,R,71,185,0.245,16,['excellent']
Darrel Chaney,B,74,188,0.217,14,['poor']
Dick Nen,L,74,200,0.22399999999999998,21,['average']
Bryan Kelly,R,74,195,0.0,0,['poor']
Bill Freehan,R,75,203,0.262,200,['excellent']
Steve Nicosia,R,70,185,0.248,11,['good']
Ted Savage,R,73,185,0.233,34,['average']
Pete Mackanin,R,74,190,0.226,30,['average']
Rich Dauer,R,72,180,0.257,43,['excellent']
Mick Kelleher,R,69,176,0.213,0,['poor']
Rowland Office,L,72,170,0.259,32,['excellent']
Rick Leach,L,73,180,0.268,18,['excellent']
Dwayne Murphy,L,73,185,0.24600000000000002,166,['excellent']
Larry Harlow,L,74,185,0.248,12,['good']
Mike Epstein,L,75,230,0.244,130,['excellent']
Jerry Mumphrey,B,74,185,0.289,70,['excellent']
Don Sutton,R,73,185,0.14400000000000002,0,['poor']
Glenn Beckert,R,73,190,0.28300000000000003,22,['excellent']
Ron Davis,R,72,175,0.233,10,['poor']
Mike Shannon,R,75,195,0.255,68,['excellent']
Jason Thompson,L,76,200,0.261,208,['excellent']
Wayne Tolleson,B,69,160,0.24100000000000002,9,['good']
John Leister,R,74,200,0.0,0,['poor']
Don Cooper,R,73,185,0.0,0,['poor']
Mike Jorgensen,L,72,195,0.243,95,['excellent']
Ed Romero,R,71,160,0.247,8,['good']
Rick Joseph,R,73,192,0.243,13,['good']
Cecil Cooper,L,74,165,0.298,241,['excellent']
Bill Almon,R,75,180,0.254,36,['excellent']
Joe Ferguson,R,74,200,0.24,122,['excellent']
Jeff Jones,R,75,210,0.0,0,['poor']
Jerry Terrell,R,71,165,0.253,4,['good']
John Poloni,L,77,210,0.0,0,['poor']
Dave Revering,L,76,210,0.265,62,['excellent']
Curt Ford,L,70,150,0.245,7,['good']
Jerry Dybzinski,R,74,180,0.23399999999999999,3,['poor']
Mike Willis,L,74,205,0.0,0,['poor']
Bob Burda,L,71,174,0.22399999999999998,13,['poor']
Jesse Gonder,L,70,180,0.251,26,['excellent']
Gary Sutherland,R,72,185,0.243,24,['excellent']
Bob Coluccio,R,71,183,0.22,26,['average']
Dave Rader,L,71,165,0.257,30,['excellent']
Ron Gardenhire,R,72,175,0.23199999999999998,4,['poor']
Bill Sharp,L,70,178,0.255,9,['good']
Alan Bannister,R,71,170,0.27,19,['excellent']
Bob Watson,R,72,201,0.295,184,['excellent']
Ken Harrelson,R,74,190,0.239,131,['excellent']
Bobby Wine,R,73,187,0.215,30,['average']
Stefan Wever,R,80,245,0.0,0,['poor']
John Kennedy,R,72,185,0.225,32,['average']
Chico Ruiz,B,72,169,0.24,2,['good']
Dave Johnson,R,73,183,0.0,0,['poor']
Gail Hopkins,L,70,198,0.266,25,['excellent']
Doug Frobel,L,76,196,0.201,20,['average']
Luis Melendez,R,72,165,0.248,9,['good']
Jerry Augustine,L,72,183,0.0,0,['poor']
Bill Plummer,R,73,190,0.188,14,['poor']
Buck Rodgers,B,74,190,0.23199999999999998,31,['average']
Phil Niekro,R,73,180,0.16899999999999998,7,['poor']
Jeff Holly,L,77,210,0.0,0,['poor']
Tom Poquette,L,70,175,0.268,10,['good']
Eric Hetzel,R,75,175,0.0,0,['poor']
Brian Asselstine,L,73,175,0.254,12,['good']
Rick Miller,L,72,175,0.26899999999999996,28,['excellent']
Ed Charles,R,70,170,0.263,86,['excellent']
Luis Gomez,R,69,150,0.21,0,['poor']
Dave Lemanczyk,R,76,235,0.0,0,['poor']
Al Jones,R,76,210,0.0,0,['poor']
Floyd Rayford,R,70,190,0.244,38,['excellent']
Sam Hinds,R,78,215,0.0,0,['poor']
Tony Conigliaro,R,75,185,0.264,166,['excellent']
Clay Christiansen,R,77,205,0.0,0,['poor']
Jim Barr,R,75,205,0.162,1,['poor']
Jerry Remy,L,69,165,0.275,7,['good']
Larry Rothschild,L,74,180,0.0,0,['poor']
Frank Duffy,R,73,180,0.23199999999999998,26,['average']
Gary Lance,B,75,195,0.0,0,['poor']
Tom O'Malley,L,72,180,0.256,13,['good']
Phil Garner,R,70,175,0.26,109,['excellent']
Larry Pashnick,R,75,205,0.0,0,['poor']
Todd Fischer,R,70,170,0.0,0,['poor']
